rule_id,title,jurisdiction,instrument_type,official_source_url,provision_reference,short_neutral_summary,applicable_workflow,effective_from,effective_until,source_last_verified_at,amendment_status,verification_status,reviewer_notes,limitations,dataset_scenarios_using_rule,rule_category
RULE-REG-1908-SEC17,Compulsory Registration of Real Property Conveyance Instruments,IN_CENTRAL,CENTRAL_ACT,https://www.indiacode.nic.in/handle/123456789/2261,Section 17(1)(b),"Non-testamentary instruments which purport or operate to create, declare, assign, limit or extinguish any right, title or interest of value of one hundred rupees and upwards to or in immovable property must be registered compulsorily.",CONVEYANCE_REGISTRATION,1909-01-01,,2026-09-15,CURRENT,VERIFIED_PRIMARY_SOURCE,Verified against official India Code gazette text. Applies uniformly across Indian states subject to state amendments.,"Does not apply to wills, testamentary instruments, or leases not exceeding one year unless state law prescribes otherwise.","[""FULL_MATCH"", ""OWNER_NAME_MISMATCH"", ""INCOMPLETE_TRANSFER_EVIDENCE"", ""MULTI_FAULT_COMPOUND""]",A_VERIFIED_PROCEDURAL_MANDATE
RULE-REG-1908-SEC49,Effect of Non-Registration of Compulsorily Registrable Documents,IN_CENTRAL,CENTRAL_ACT,https://www.indiacode.nic.in/handle/123456789/2261,Section 49,"No document required by Section 17 or by any provision of the Transfer of Property Act, 1882 to be registered shall affect any immovable property comprised therein, or be received as evidence of any transaction affecting such property, unless it has been registered.",CONVEYANCE_REGISTRATION,1909-01-01,,2026-09-15,CURRENT,VERIFIED_PRIMARY_SOURCE,Proviso allows unregistered document to be received as evidence of part performance under Section 53A TPA or as collateral transaction.,Admissibility for collateral purposes requires judicial interpretation.,"[""INCOMPLETE_TRANSFER_EVIDENCE"", ""MUTATION_PENDING_UNAPPROVED"", ""ADVERSARIAL_BORDERLINE""]",A_VERIFIED_PROCEDURAL_MANDATE
RULE-TPA-1882-SEC54,Definition of Sale and Mode of Transfer of Tangible Immovable Property,IN_CENTRAL,CENTRAL_ACT,https://www.indiacode.nic.in/handle/123456789/2338,Section 54,Sale is a transfer of ownership in exchange for a price paid or promised. Transfer of tangible immovable property of the value of one hundred rupees and upwards can be made only by a registered instrument.,CONVEYANCE_REGISTRATION,1882-07-01,,2026-09-15,CURRENT,VERIFIED_PRIMARY_SOURCE,"Contract for sale does not, of itself, create any interest in or charge on such property.",Applies to inter vivos transfers between living persons.,"[""FULL_MATCH"", ""OWNER_NAME_MISMATCH"", ""AREA_MISMATCH"", ""SURVEY_NUMBER_MISMATCH"", ""MULTI_FAULT_COMPOUND""]",A_VERIFIED_PROCEDURAL_MANDATE
RULE-TPA-1882-SEC58,Mortgage and Encumbrance Formats on Immovable Property,IN_CENTRAL,CENTRAL_ACT,https://www.indiacode.nic.in/handle/123456789/2338,Section 58 & Section 100,"A mortgage is the transfer of an interest in specific immovable property for the purpose of securing payment of money. Where immovable property of one person is by act of parties or operation of law made security for payment of money, a charge is created.",ENCUMBRANCE_MANAGEMENT,1882-07-01,,2026-09-15,CURRENT,VERIFIED_PRIMARY_SOURCE,Equitable mortgages (deposit of title deeds) require entry in CERSAI or local sub-registrar notice of intimation in several states.,Distinction between mortgage and charge depends on whether an interest in property is transferred.,"[""UNDISCLOSED_MORTGAGE"", ""RELEASE_DATE_AMBIGUITY"", ""MULTI_FAULT_COMPOUND""]",A_VERIFIED_PROCEDURAL_MANDATE
RULE-IEA-1882-SEC04,Easement Definition and Prescriptive Rights,IN_CENTRAL,CENTRAL_ACT,https://www.indiacode.nic.in/handle/123456789/2311,Section 4 & Section 15,"An easement is a right which the owner or occupier of certain land possesses, for the beneficial enjoyment of that land, to do and continue to do something, or to prevent and continue to prevent something being done, in or upon certain other land not his own. Prescriptive easement of way or water requires 20 years uninterrupted peaceful enjoyment.",BOUNDARY_SURVEY,1882-07-01,,2026-09-15,CURRENT,VERIFIED_PRIMARY_SOURCE,Dominant and servient heritage rights must be examined during boundary surveys and access disputes.,Does not apply in territories where the Indian Easements Act has not been extended by notification.,"[""EASEMENT_RESTRICTION_CONFLICT"", ""SPATIAL_OVERLAP_ANOMALY"", ""ADVERSARIAL_BORDERLINE""]",A_VERIFIED_PROCEDURAL_MANDATE
RULE-KLRA-1964-SEC128,Statutory Reporting of Acquisition of Rights in Land Records,IN_KARNATAKA,STATE_ACT,http://dpal.karnataka.gov.in/storage/pdf-files/Acts/1964/12%20of%201964%20(E).pdf,Section 128,"Any person acquiring by succession, survivorship, inheritance, partition, purchase, mortgage, gift, lease or otherwise, any right as holder, occupant, owner, mortgagee, landlord or tenant of land shall report orally or in writing his acquisition of such right to the prescribed revenue officer within three months from date of acquisition.",MUTATION,1964-04-01,,2026-09-15,CURRENT,VERIFIED_PRIMARY_SOURCE,"Under Karnataka Bhoomi integration, sub-registrars transmit registered deeds electronically (J-slip) to revenue authorities.",Applicable strictly within Karnataka revenue jurisdiction.,"[""FULL_MATCH"", ""MUTATION_PENDING_UNAPPROVED"", ""MUTATION_CHRONOLOGY_CONFLICT"", ""STALE_RECORD""]",A_VERIFIED_PROCEDURAL_MANDATE
RULE-KLRA-1964-SEC129,Register of Mutations and Statutory Objection Notice Period,IN_KARNATAKA,STATE_ACT,http://dpal.karnataka.gov.in/storage/pdf-files/Acts/1964/12%20of%201964%20(E).pdf,Section 129,"The prescribed officer shall enter in the register of mutations every report made under Section 128 and post a copy of entry in the chavadi. Notice is issued to all persons interested, allowing a 30-day statutory period for filing objections before certifying the mutation.",MUTATION,1964-04-01,,2026-09-15,CURRENT,VERIFIED_PRIMARY_SOURCE,Mutation entry does not create title; it represents fiscal liability for land revenue assessment.,Disputed cases are entered into a separate disputed cases register and heard by the Revenue Sheristedar/Tahsildar.,"[""MUTATION_PENDING_UNAPPROVED"", ""MUTATION_CHRONOLOGY_CONFLICT"", ""INHERITANCE_COMPETING_CLAIM"", ""UNAUTHORIZED_MUTATION_ATTEMPT""]",A_VERIFIED_PROCEDURAL_MANDATE
RULE-KLRA-1964-SEC95,Diversion of Agricultural Land for Non-Agricultural Use (Conversion),IN_KARNATAKA,STATE_ACT,http://dpal.karnataka.gov.in/storage/pdf-files/Acts/1964/12%20of%201964%20(E).pdf,Section 95,An occupant of land assessed for agriculture wishes to divert such land to any other purpose must apply to the Deputy Commissioner. Unauthorized non-agricultural use without sanction is prohibited and liable to eviction and penalties.,LAND_USE_VALIDATION,1964-04-01,,2026-09-15,AMENDED,VERIFIED_PRIMARY_SOURCE,Amended by Karnataka Act 27 of 2022 providing deemed conversion process in master-plan areas.,Requires verified conversion order number and layout approval for residential/commercial claims.,"[""LAND_USE_CONFLICT_CONVERSION"", ""PLANNING_ECO_RESTRICTION_OVERLAP"", ""MULTI_FAULT_COMPOUND""]",A_VERIFIED_PROCEDURAL_MANDATE
RULE-HSA-1956-SEC06,Equal Devolution of Interest in Coparcenary Property,IN_CENTRAL,CENTRAL_ACT,https://www.indiacode.nic.in/handle/123456789/1715,Section 6 (as amended by Act 39 of 2005),"In a Joint Hindu family governed by Mitakshara law, the daughter of a coparcener shall by birth become a coparcener in her own right in the same manner as the son, having the same rights and liabilities.",SUCCESSION_VALIDATION,2005-09-09,,2026-09-15,CURRENT,VERIFIED_PRIMARY_SOURCE,Confirmed by Supreme Court of India in Vineeta Sharma v. Rakesh Sharma (2020) 9 SCC 1 as conferring retroactive birthright.,Applies to persons governed by Hindu Succession Act; partition effected registered prior to 20 December 2004 protected.,"[""CO_OWNERSHIP_INCONSISTENCY"", ""INHERITANCE_COMPETING_CLAIM"", ""ADVERSARIAL_BORDERLINE""]",A_VERIFIED_PROCEDURAL_MANDATE
RULE-RFCTLARR-2013-SEC11,Preliminary Notification of Land Acquisition and Transfer Restriction,IN_CENTRAL,CENTRAL_ACT,https://www.indiacode.nic.in/handle/123456789/2121,Section 11(4),"No person shall make any transaction or cause any transaction of land specified in the preliminary notification published under Section 11, or create any encumbrance on such land from date of publication without prior sanction.",ACQUISITION_VERIFICATION,2014-01-01,,2026-09-15,CURRENT,VERIFIED_PRIMARY_SOURCE,Transaction executed after Section 11 notification without sanction is void against the acquisition authority.,Applies to lands notified for public purpose acquisition.,"[""PLANNING_ECO_RESTRICTION_OVERLAP"", ""UNDISCLOSED_MORTGAGE"", ""ADVERSARIAL_BORDERLINE""]",A_VERIFIED_PROCEDURAL_MANDATE
RULE-DPDPA-2023-SEC04,Grounds for Processing and Strict Synthetic Data Demarcation,IN_CENTRAL,CENTRAL_ACT,https://www.meity.gov.in/content/digital-personal-data-protection-act-2023,Section 4 & Section 6,Personal data shall only be processed for lawful purpose with consent or legitimate uses. Synthetic data architecture mandates complete absence of real natural person identifiers to guarantee zero privacy harm.,DATA_GOVERNANCE,2023-08-11,,2026-09-15,CURRENT,VERIFIED_PRIMARY_SOURCE,All benchmark records must carry synthetic_record_flag=True and prohibit real Aadhaar/PAN tokens.,Dataset benchmarks must not ingest unconsented real citizen records.,"[""FULL_MATCH"", ""OWNER_NAME_VARIATION"", ""OWNER_NAME_MISMATCH"", ""GOVERNANCE""]",A_VERIFIED_PROCEDURAL_MANDATE
RULE-DILRMP-ULPIN-STD,Digital India Land Records Modernization - ULPIN Standard,IN_CENTRAL,TECHNICAL_SPECIFICATION,https://dolr.gov.in/programmes/digital-india-land-records-modernization-programme-dilrmp,DoLR ULPIN Specification Guidelines 2021,Unique Land Parcel Identification Number (ULPIN) is a 14-digit alphanumeric identification derived from geographic longitude and latitude centroid coordinates of the land parcel.,PARCEL_IDENTIFICATION,2021-04-01,,2026-09-15,CURRENT,SECONDARY_SOURCE_ONLY,Benchmark uses SYN-ULPIN- prefixed tokens to prevent collision with actual assigned Bhu-Aadhaar numbers.,Benchmark tokens are fictional and must not be queried against official Bhu-Aadhaar registries.,"[""FULL_MATCH"", ""SURVEY_NUMBER_MISMATCH"", ""SUBDIVISION_MISMATCH""]",C_SYNTHETIC_BENCHMARK_ASSUMPTION
RULE-AREA-TOL-001,Area Extent Normalization and Comparison Tolerance,TECHNICAL_COMMON,TECHNICAL_SPECIFICATION,https://github.com/sheikhsajid69/SIH26018/blob/main/apps/api/landsync/services.py,LANDSYNC Validation Specification Section 7.2,Area comparisons apply a multi-tier tolerance: variance < 0.20% yields MATCH; 0.20% <= variance < 1.00% yields PARTIAL_MATCH; variance >= 1.00% yields MISMATCH requiring human officer review.,DATA_QUALITY,2026-09-01,,2026-10-09,CURRENT,VERIFIED_PRIMARY_SOURCE,Tolerances accommodate rounding discrepancies between traditional guntha (101.17 m²) and decimal acre calculations.,Configurable threshold. High value urban parcels may require stricter absolute square metre tolerances.,"[""FULL_MATCH"", ""AREA_MISMATCH"", ""MULTI_FAULT_COMPOUND"", ""ADVERSARIAL_BORDERLINE""]",B_CONFIGURABLE_DATA_QUALITY
RULE-AMBIGUOUS-UNIT-R13,LANDSYNC Engineering Constitution Rule 13 (Ambiguous Unit Protection),TECHNICAL_COMMON,TECHNICAL_SPECIFICATION,https://github.com/sheikhsajid69/SIH26018/blob/main/Rules.md,Rule 13,"Never silently normalize ambiguous land units (e.g. bigha, biswa, katha, ground, kanal, marla); retain original unit and conversion evidence, and route to human review.",DATA_QUALITY,2026-09-12,,2026-10-09,CURRENT,VERIFIED_PRIMARY_SOURCE,Prevents automated corruption of revenue extents caused by variable definitions of bigha across tehsils.,Requires manual human officer input or verified tehsil conversion schedule.,"[""UNIT_CONVERSION_AMBIGUITY"", ""MULTI_FAULT_COMPOUND""]",B_CONFIGURABLE_DATA_QUALITY
RULE-SPATIAL-IOU-001,Cadastral Cadastre Boundary Polygon Alignment and IoU Validation,TECHNICAL_COMMON,TECHNICAL_SPECIFICATION,https://github.com/sheikhsajid69/SIH26018/blob/main/apps/api/landsync/gis.py,LANDSYNC GIS Module Section 3.1,"Submitted polygon boundaries compared to authoritative cadastral records evaluate IoU >= 0.90 as CONSISTENT, 0.70 <= IoU < 0.90 as ADVISORY_ALIGNMENT_NEEDED, and IoU < 0.70 or centroid offset > 10m as SPATIAL_VARIANCE_DETECTED.",SPATIAL_VALIDATION,2026-09-23,,2026-10-09,CURRENT,VERIFIED_PRIMARY_SOURCE,Geodesic metric area and shoelace formula used at centroid latitude on EPSG:4326 coordinates.,Planar approximation at centroid latitude valid for parcel scales; large district polygons require spherical geodesics.,"[""SPATIAL_EXTENT_VARIANCE"", ""SPATIAL_OVERLAP_ANOMALY"", ""CRS_OR_COORDINATE_SHIFT"", ""SLIVER_OR_GAP_DISCREPANCY""]",B_CONFIGURABLE_DATA_QUALITY
RULE-DOC-CONFIDENCE-R8,LANDSYNC Engineering Constitution Rule 8 (Low-Confidence Escalation),TECHNICAL_COMMON,TECHNICAL_SPECIFICATION,https://github.com/sheikhsajid69/SIH26018/blob/main/Rules.md,Rule 8,Always route low-confidence or conflicting information to human review. AI extractions with field-level confidence < 0.80 must produce REVIEW_REQUIRED even if text matches reference.,DOCUMENT_AI,2026-09-12,,2026-10-09,CURRENT,VERIFIED_PRIMARY_SOURCE,"Enforces human-in-the-loop governance for faded, noisy, or low-resolution historical land records.",Threshold parameter may be tuned per document quality tier.,"[""LOW_CONFIDENCE_EXTRACTION"", ""OCR_NOISE_TRANSCRIPTION"", ""MISSING_SCHEDULE_PAGE""]",B_CONFIGURABLE_DATA_QUALITY
RULE-KLRA-1961-SEC63,Ceiling on Agricultural Land Holdings and Transfer Disqualification,IN_KARNATAKA,STATE_ACT,http://dpal.karnataka.gov.in/storage/pdf-files/Acts/1962/10%20of%201962%20(E).pdf,Section 63 & Section 64,Ceiling area for a person or family unit in Karnataka is determined by standard units (ranging from 10 to 54 acres depending on soil/irrigation class). Any transfer exceeding ceiling limit is void and vests in the State Government.,CONVEYANCE_REGISTRATION,1962-03-15,,2026-09-15,CURRENT,NEEDS_LEGAL_REVIEW,Calculation of standard units requires revenue soil class schedule. Requires qualified legal review before automated adjudication.,Complex soil classification formulas apply; synthetic scenarios model advisory warnings.,"[""CO_OWNERSHIP_INCONSISTENCY"", ""ADVERSARIAL_BORDERLINE""]",D_LEGAL_INTERPRETATION_NEEDS_REVIEW
